{"count": 59, "name_dir": ["s1", "s10", "s2", "s3", "s4", "s5", "s6", "s7", "s8", "s9"], "hidden_layer": {"count_neurons": 6, "neurons": [{"bias": 0.6645126126335523, "weights": [21.115459066434653, -1.358373395284863, -4.232840424761528, -8.686172602333743, 3.504107821714635, -4.273350905886298, -7.360152262048605, 13.139764185187621, 2.0103016156036833, 3.9627903527536295, 1.7888893739737977, -0.7693845993341847, -2.005845353162077, 6.065227644965706, -0.35821043735151137, -4.467739178452741, 9.681039818663647, 0.41077246834639414, -4.210228988678815, 0.3812889505326627, 0.22752803200518099, -0.14784365499492078, -2.2647325993144425, 4.555336752234526, -8.280500750364055, -6.4176377110243354, -5.180075209773042, -21.604125299975532, 0.47016559257021856, -18.91804059865882, -2.296553768428018, 33.55825094647108, 5.03982551264735, 14.998751524043216, 5.153312345641552, 3.8215038671532158, -4.982973589722731, 2.720661717299229, 3.618408790836145, 0.5733261434823922, 4.92401015359783, 1.7688231191829173, -6.018531878091639, -5.368758922857781, 0.29380368496050346, -18.534745603708647, -6.087585054895916, 7.161172474750797, 8.956653290099094, -4.514658408094367, 0.682967263864297, 2.0055863576156243, -31.34750549286071, 12.629411430306053, -3.833246065171493, 5.616654857847669, 5.122612022350918, -10.704567037443187, -7.3195728786793115]}, {"bias": 0.6645126126335523, "weights": [-31.551437795597778, 11.194608115492109, -7.052337113394596, 3.0690274051247677, -3.515361793527942, -4.162241022258076, 3.2063399792311076, -17.509214565747474, -1.0730262015538528, -2.029285155832976, -5.221563117619549, 0.7181267348938793, -4.087134277315198, -13.68864471175568, -1.0583821955375405, -1.1510422064638333, -2.520568534717484, 0.7753539460489768, 1.9611900631945223, 0.28616315648866497, -0.3096264026745501, 2.842769834075484, 2.9030304881934215, 0.47848398601226383, -1.0519289812938801, 3.021830693429017, 5.602352444763611, -19.47794534081623, 4.112055894094807, 12.511319144873841, 10.60421058424797, 12.771658540409112, -0.23698185108985861, 1.9850274315114387, -4.474694063516037, -0.8910657612295382, -0.15647597557153353, -3.561363944071434, -0.948775074959567, 0.9646576721363018, -4.054668447531553, 0.04878103059881515, 2.1551748597744353, 0.8738883765951774, 8.22490537983663, 11.662893833700874, 4.510986231430551, 0.1192530706233851, -1.5161871678553498, 0.8018195488939137, 2.2420004356539036, 0.11982994366358622, -12.95765243787816, 12.257874314909698, 1.9352114727092016, 20.56018178754223, 1.3886842677189843, -3.4878436211866135, -25.32344957138315]}, {"bias": 0.6645126126335523, "weights": [-13.003918009460223, -30.23674341876885, 0.6353669141095034, -40.102430550455374, -0.9270234714016757, -1.4079580542982586, 21.146903303431415, -9.951553009204213, 0.8322991761699997, 4.119610230600966, 6.920433178003721, -1.7843492545211388, 12.423821043569607, 2.4262218211141238, 8.549034156428734, 2.3347619859386244, 2.3970039405681463, 0.8078744193523026, -6.554650387154931, 0.9720347666064487, 1.3001773447164118, 1.115796791925428, -1.1846323041446598, -2.8554958504304437, 4.882202001008341, 12.5271782180822, 3.4752849540451316, 0.7263390793335763, -0.3512199113661027, -13.761120007498928, 11.414154242207271, -16.871019400648702, -0.62339200709482, -17.30817125108518, 3.6742755174218615, -2.459894256460954, 1.2100877548244529, 3.219897039272762, 0.9979480022678109, 0.3769157532905756, 0.8073769090267944, 2.249101006909258, 0.19073363154181622, 4.762261557015295, 11.514938202461185, 15.721114107416849, 3.2486244795022605, -1.0681188823667753, -1.0800038624118968, 6.096115770660699, -4.612898131737137, 3.952221409415013, 23.419617155333885, -0.3436303679129636, 1.0456960626053566, 9.633927534915019, -1.9236652114229, -11.170849133652062, 9.909416576444327]}, {"bias": 0.6645126126335523, "weights": [26.80192482860105, -22.688134181031547, -7.956474984429489, 11.951870967406046, -3.2349139294916434, 14.803050707094092, -21.112443969023758, 2.1332009557823346, 2.901160352344532, -5.9651893867590005, 8.505883906969546, 5.5058952579001454, 10.286776469237987, -0.41657212243690284, 12.152217516469241, -1.0347579344399394, -3.948335205186002, 2.0798694607323904, 0.41346454048675774, 1.5745324792532394, 4.02714964424851, 1.9769939678526314, 1.4477978729707188, -1.236404068315131, 3.5296387481783866, -11.399901378041045, -6.068889765633781, 29.865558222526527, -6.524392804079765, -12.382812550550787, -12.492246476940064, -15.573825222640451, 0.9793768390878577, 17.366220172194193, -4.547227391803522, 2.5570586806632387, 2.983411617709508, 1.2775158030473195, -2.026188883907054, 0.8970627819872752, -3.1817708867491303, 1.5877831569530694, -1.5039079342940977, 1.9363034582764145, 2.6727417252632493, -0.8386365602157102, -10.51622948881284, -9.489172951823836, -4.149130067483117, 2.462349787147674, -0.1802053621010844, 6.561563500168787, -4.0308035708305505, -4.911355312893775, -2.1019079608791658, -3.44818652456032, -9.287547934602426, 7.367748329084805, -7.1671037966583135]}, {"bias": 0.6645126126335523, "weights": [-27.798372088816663, 4.61466305741881, 8.38147507574927, 14.170272725842183, 3.720605447217956, 11.832626394755772, 6.536250427428299, 10.943449482361695, -2.251251747095857, 7.856455588333796, -2.0862657525553034, -1.3032928149197374, -3.9926776153573753, -3.635700304765395, -1.7612919162265819, 1.3171456933437358, 5.507637098375779, -1.7130094385898489, -1.9400128571787099, -1.5699475059905037, -0.29224230432620557, 1.7920612557489448, 1.3969674711378524, 0.2263641941747663, 3.166832187051698, 7.230576042943381, 1.4773745956636513, 11.858026496522253, 2.160458125812327, -4.835532466498996, 10.732831450250913, 5.620946477342792, 0.7950472169007528, -7.982720057755629, 0.1357246185039762, -0.3887619471739228, 2.647440697899366, 0.6173284583306052, 2.6459044124793403, 0.87171621059054, 4.929612441530293, 1.9973019130065495, 3.776607320537441, 2.09388507565929, 0.8323050734099225, 13.14462401599961, -4.339715621330816, 8.844111494264943, -1.4550346839305517, -2.0501515300533923, 0.22366849078271558, -16.796905331296934, -2.381486838981558, -3.977387089646663, -0.1824603669489245, -46.369325232211835, 7.13949046108963, 2.1811792356283326, 9.20907195915562]}, {"bias": 0.6645126126335523, "weights": [3.9428756132747447, 18.297364872886273, 6.090278697661223, -3.350321367876084, 2.1425966202432076, -12.461937926125895, -4.470640545084987, -3.6122067697079854, -0.2889718356922402, -3.8830158924158265, -4.281368028395704, 0.011313109942111207, -5.298613074930156, 5.807729809793317, -12.975322616318518, 4.094361523041717, -7.169841412693687, 1.0539747463502693, 6.433030407703544, 1.1216755277498511, 0.19315728351624012, -2.456121503688195, -3.172622904316684, -0.0049312294056849445, 2.194952755713232, -2.4116272604442, 2.965023036436291, -3.557405774542634, -0.5838799005528297, 17.2443439275345, -13.193012914871648, -23.545689667944362, -2.1922812316149605, -7.2126588843624875, 1.57202332984167, -1.1857659796301108, -2.612954653690216, -0.9884086013867914, -1.3581758154301138, 0.8012074165429187, -2.339066875859011, -3.324898836106948, 1.7314841527484734, -0.7241810537405843, -23.3059531393987, -26.64238876285048, 6.951209066753474, -5.442967692896366, -0.2955651236229908, 2.7926243705586624, 2.3595771409549657, -2.126836805308987, 17.438391225920498, -12.625405194413649, 4.539454109919239, 1.5263814383397338, -5.711436110528959, 5.742058714982793, 5.841492616915185]}]}, "output_layer": {"count_neurons": 10, "neurons": [{"bias": 0.09173463844354368, "weights": [-19.690048833342594, -31.149698258028053, 23.652460468159582, 13.848528325720443, -8.812411891613934, 1.5254903692823634]}, {"bias": 0.09173463844354368, "weights": [-41.863982155953316, 3.5234829090623445, 17.83833934343852, -15.835971363563221, 35.16873788619417, -13.571160895389129]}, {"bias": 0.09173463844354368,