{"image": [{"histogram": [0.02242897158863546, 0.0023609443777511006, 0.005902360944377752, 0.0035414165666266513, 0.0, 0.0011804721888755503, 0.008263305322128853, 0.009443777511004402, 0.0023609443777511006, 0.0, 0.0035414165666266513, 0.0011804721888755503, 0.011804721888755504, 0.008263305322128853, 0.0023609443777511006, 0.0, 0.0011804721888755503, 0.0, 0.0, 0.0, 0.0, 0.0, 0.0023609443777511006, 0.0, 0.0011804721888755503, 0.004721888755502201, 0.0023609443777511006, 0.012985194077631055, 0.0011804721888755503, 0.009443777511004402, 0.0035414165666266513, 0.0023609443777511006, 0.0011804721888755503, 0.0011804721888755503, 0.0011804721888755503, 0.0, 0.0011804721888755503, 0.0035414165666266513, 0.0, 0.0, 0.0011804721888755503, 0.0, 0.0011804721888755503, 0.0, 0.004721888755502201, 0.007082833133253303, 0.008263305322128853, 0.0023609443777511006, 0.0011804721888755503, 0.0023609443777511006, 0.0, 0.010624249699879953, 0.016526610644257707, 0.0011804721888755503, 0.0, 0.010624249699879953, 0.0023609443777511006, 0.010624249699879953, 0.018887555022008805], "face": [1, 0, 0, 0, 0, 0, 0, 0, 0, 0]}, {"histogram": [0.012985194077631051, 0.0070828331332533, 0.0023609443777511, 0.012985194077631051, 0.0, 0.0047218887555022, 0.012985194077631051, 0.0070828331332533, 0.00118047218887555, 0.00118047218887555, 0.0, 0.0023609443777511, 0.0047218887555022, 0.0023609443777511, 0.00590236094437775, 0.00118047218887555, 0.00118047218887555, 0.0, 0.00118047218887555, 0.0, 0.0, 0.00118047218887555, 0.00354141656662665, 0.0, 0.0023609443777511, 0.0047218887555022, 0.00118047218887555, 0.010624249699879951, 0.00354141656662665, 0.010624249699879951, 0.0047218887555022, 0.0047218887555022, 0.0, 0.0, 0.0, 0.0, 0.0047218887555022, 0.00118047218887555, 0.0, 0.0, 0.0023609443777511, 0.0, 0.0023609443777511, 0.0023609443777511, 0.00826330532212885, 0.0141656662665066, 0.0070828331332533, 0.00354141656662665, 0.0, 0.00118047218887555, 0.0, 0.00590236094437775, 0.0094437775110044, 0.0023609443777511, 0.0, 0.00826330532212885, 0.00590236094437775, 0.00826330532212885, 0.015346138455382151], "face": [0, 1, 0, 0, 0, 0, 0, 0, 0, 0]}, {"histogram": [0.031872749099639865, 0.009443777511004404, 0.0, 0.0070828331332533035, 0.0, 0.002360944377751101, 0.0035414165666266518, 0.005902360944377753, 0.0011804721888755505, 0.0, 0.0011804721888755505, 0.002360944377751101, 0.005902360944377753, 0.0035414165666266518, 0.008263305322128853, 0.0011804721888755505, 0.0011804721888755505, 0.0011804721888755505, 0.0011804721888755505, 0.0011804721888755505, 0.0011804721888755505, 0.002360944377751101, 0.002360944377751101, 0.0, 0.0011804721888755505, 0.004721888755502202, 0.0, 0.005902360944377753, 0.004721888755502202, 0.011804721888755506, 0.0035414165666266518, 0.004721888755502202, 0.0011804721888755505, 0.0035414165666266518, 0.0011804721888755505, 0.0011804721888755505, 0.0035414165666266518, 0.002360944377751101, 0.0, 0.0, 0.0011804721888755505, 0.0, 0.0, 0.0011804721888755505, 0.004721888755502202, 0.002360944377751101, 0.005902360944377753, 0.0011804721888755505, 0.0011804721888755505, 0.002360944377751101, 0.0, 0.008263305322128853, 0.004721888755502202, 0.004721888755502202, 0.0, 0.022428971588635462, 0.0035414165666266518, 0.0070828331332533035, 0.016526610644257707], "face": [0, 0, 1, 0, 0, 0, 0, 0, 0, 0]}, {"histogram": [0.01888755502200881, 0.004721888755502202, 0.0035414165666266518, 0.014165666266506607, 0.0, 0.010624249699879955, 0.002360944377751101, 0.008263305322128853, 0.0, 0.0011804721888755505, 0.0035414165666266518, 0.002360944377751101, 0.004721888755502202, 0.0011804721888755505, 0.008263305322128853, 0.0011804721888755505, 0.0011804721888755505, 0.0, 0.002360944377751101, 0.0, 0.0011804721888755505, 0.0035414165666266518, 0.002360944377751101, 0.0, 0.0011804721888755505, 0.0035414165666266518, 0.0, 0.015346138455382158, 0.0035414165666266518, 0.011804721888755506, 0.011804721888755506, 0.005902360944377753, 0.0011804721888755505, 0.005902360944377753, 0.0, 0.002360944377751101, 0.0011804721888755505, 0.0011804721888755505, 0.0, 0.0, 0.0, 0.0011804721888755505, 0.0, 0.0011804721888755505, 0.011804721888755506, 0.008263305322128853, 0.0, 0.002360944377751101, 0.0, 0.0, 0.0, 0.0035414165666266518, 0.002360944377751101, 0.0011804721888755505, 0.0, 0.009443777511004404, 0.0, 0.012985194077631056, 0.016526610644257707], "face": [0, 0, 0, 1, 0, 0, 0, 0, 0, 0]}, {"histogram": [0.020068027210884354, 0.015346138455382153, 0.005902360944377751, 0.018887555022008805, 0.0011804721888755503, 0.003541416566626651, 0.0, 0.005902360944377751, 0.0, 0.0, 0.0, 0.0011804721888755503, 0.0011804721888755503, 0.0023609443777511006, 0.0023609443777511006, 0.0011804721888755503, 0.0, 0.0, 0.003541416566626651, 0.0, 0.0, 0.0, 0.003541416566626651, 0.0011804721888755503, 0.0011804721888755503, 0.004721888755502201, 0.0023609443777511006, 0.009443777511004402, 0.003541416566626651, 0.017707082833133252, 0.005902360944377751, 0.004721888755502201, 0.0011804721888755503, 0.0011804721888755503, 0.0011804721888755503, 0.0011804721888755503, 0.0023609443777511006, 0.0011804721888755503, 0.0, 0.0, 0.0, 0.0, 0.0011804721888755503, 0.0, 0.005902360944377751, 0.009443777511004402, 0.004721888755502201, 0.0011804721888755503, 0.0, 0.0, 0.0011804721888755503, 0.005902360944377751, 0.009443777511004402, 0.0011804721888755503, 0.0011804721888755503, 0.011804721888755502, 0.003541416566626651, 0.011804721888755502, 0.017707082833133252], "face": [0, 0, 0, 0, 1, 0, 0, 0, 0, 0]}, {"histogram": [0.0165266106442577, 0.00826330532212885, 0.0035414165666266496, 0.00826330532212885, 0.0011804721888755499, 0.0035414165666266496, 0.0035414165666266496, 0.0047218887555021995, 0.0, 0.0023609443777510997, 0.0011804721888755499, 0.0, 0.0035414165666266496, 0.0011804721888755499, 0.005902360944377749, 0.0, 0.0035414165666266496, 0.0, 0.0, 0.0, 0.0, 0.0011804721888755499, 0.0035414165666266496, 0.0011804721888755499, 0.0, 0.00826330532212885, 0.0023609443777510997, 0.0023609443777510997, 0.0047218887555021995, 0.009443777511004399, 0.011804721888755499, 0.01298519407763105, 0.0023609443777510997, 0.0, 0.0023609443777510997, 0.0011804721888755499, 0.0023609443777510997, 0.0023609443777510997, 0.0011804721888755499, 0.0, 0.0011804721888755499, 0.0011804721888755499, 0.0, 0.0, 0.011804721888755499, 0.014165666266506598, 0.0035414165666266496, 0.0035414165666266496, 0.0011804721888755499, 0.0, 0.0, 0.005902360944377749, 0.0035414165666266496, 0.007082833133253299, 0.0, 0.01534613845538215, 0.005902360944377749, 0.0047218887555021995, 0.01534613845538215], "face": [0, 0, 0, 0, 0, 1, 0, 0, 0, 0]}, {"histogram": [0.018887555022008805, 0.012985194077631053, 0.0023609443777511006, 0.017707082833133252, 0.0, 0.003541416566626651, 0.004721888755502201, 0.008263305322128852, 0.0011804721888755503, 0.0, 0.0, 0.0023609443777511006, 0.003541416566626651, 0.0023609443777511006, 0.003541416566626651, 0.0, 0.0011804721888755503, 0.0, 0.0023609443777511006, 0.0, 0.0, 0.0011804721888755503, 0.003541416566626651, 0.0011804721888755503, 0.0, 0.0023609443777511006, 0.0011804721888755503, 0.007082833133253302, 0.003541416566626651, 0.014165666266506604, 0.004721888755502201, 0.011804721888755502, 0.0011804721888755503, 0.005902360944377751, 0.0, 0.0011804721888755503, 0.0023609443777511006, 0.0011804721888755503, 0.0, 0.0, 0.0011804721888755503, 0.0, 0.0011804721888755503, 0.0, 0.007082833133253302, 0.008263305322128852, 0.005902360944377751, 0.003541416566626651, 0.0011804721888755503, 0.0, 0.0011804721888755503, 0.007082833133253302, 0.0023609443777511006, 0.004721888755502201, 0.0, 0.012985194077631053, 0.004721888755502201, 0.010624249699879951, 0.011804721888755502],